seq,timestamp,lat,lng,alt,speed_kmh,heading,hdop,satellites,battery_mv,rssi
1,1779485276,25.149708,121.74834,184.1,74.5,180.0,0.9,12,3950,-85
2,1779485456,25.144885,121.734683,280.4,71.0,180.0,0.9,12,3950,-85
3,1779485636,25.135648,121.722092,248.8,71.4,180.0,0.9,12,3950,-85
4,1779485816,25.129828,121.706956,246.2,72.3,180.0,0.9,12,3950,-85
5,1779485996,25.124201,121.69251,297.5,71.3,180.0,0.9,12,3950,-85
6,1779486176,25.116065,121.681229,199.3,74.1,180.0,0.9,12,3950,-85
7,1779486356,25.110011,121.666111,185.8,66.0,180.0,0.9,12,3950,-85
8,1779486536,25.102938,121.653849,218.9,70.4,180.0,0.9,12,3950,-85
9,1779486716,25.097595,121.638495,295.0,64.8,180.0,0.9,12,3950,-85
10,1779486896,25.089702,121.622788,280.5,60.0,180.0,0.9,12,3950,-85
11,1779487076,25.083531,121.610883,253.5,68.0,180.0,0.9,12,3950,-85
12,1779487256,25.074048,121.594682,178.4,63.9,180.0,0.9,12,3950,-85
13,1779487436,25.068829,121.580868,178.1,67.6,180.0,0.9,12,3950,-85
14,1779487616,25.062112,121.569984,166.4,66.7,180.0,0.9,12,3950,-85
15,1779487796,25.053236,121.55271,197.9,63.5,180.0,0.9,12,3950,-85
16,1779487976,25.049163,121.538923,288.5,62.3,180.0,0.9,12,3950,-85
17,1779488156,25.039321,121.52629,171.3,74.6,180.0,0.9,12,3950,-85
18,1779488336,25.033484,121.512672,165.1,74.9,180.0,0.9,12,3950,-85
19,1779488516,25.026545,121.496234,250.3,74.9,180.0,0.9,12,3950,-85
20,1779488696,25.019059,121.483921,287.4,61.4,180.0,0.9,12,3950,-85
21,1779488876,25.015973,121.469144,194.6,72.0,180.0,0.9,12,3950,-85
22,1779489056,25.005371,121.454004,184.5,65.4,180.0,0.9,12,3950,-85
23,1779489236,24.999221,121.440678,246.4,70.8,180.0,0.9,12,3950,-85
24,1779489416,24.992379,121.426363,279.5,70.0,180.0,0.9,12,3950,-85
25,1779489596,24.985466,121.412217,262.4,63.5,180.0,0.9,12,3950,-85
26,1779489776,24.978892,121.40139,150.2,62.7,180.0,0.9,12,3950,-85
27,1779489956,24.972708,121.387686,198.3,67.1,180.0,0.9,12,3950,-85
28,1779490136,24.968178,121.370857,292.8,62.0,180.0,0.9,12,3950,-85
29,1779490316,24.95783,121.357273,198.2,61.9,180.0,0.9,12,3950,-85
30,1779490496,24.953012,121.343296,175.8,68.9,180.0,0.9,12,3950,-85
31,1779490676,24.945119,121.328537,253.2,60.5,180.0,0.9,12,3950,-85
32,1779490856,24.940305,121.316413,258.4,65.9,180.0,0.9,12,3950,-85
33,1779491036,24.932616,121.301764,172.1,62.0,180.0,0.9,12,3950,-85
34,1779491216,24.924922,121.287437,173.9,66.2,180.0,0.9,12,3950,-85
35,1779491396,24.917273,121.27208,195.5,64.4,180.0,0.9,12,3950,-85
36,1779491576,24.913912,121.260862,194.2,67.6,180.0,0.9,12,3950,-85
37,1779491756,24.903702,121.247584,212.3,67.7,180.0,0.9,12,3950,-85
38,1779491936,24.896915,121.230623,221.3,74.0,180.0,0.9,12,3950,-85
39,1779492116,24.892323,121.217571,288.8,71.8,180.0,0.9,12,3950,-85
40,1779492296,24.884719,121.205648,185.7,70.6,180.0,0.9,12,3950,-85
41,1779492476,24.878842,121.190146,216.6,67.3,180.0,0.9,12,3950,-85
42,1779492656,24.873184,121.174963,221.8,73.3,180.0,0.9,12,3950,-85
43,1779492836,24.865321,121.161935,263.7,67.8,180.0,0.9,12,3950,-85
44,1779493016,24.858232,121.146537,202.9,72.3,180.0,0.9,12,3950,-85
45,1779493196,24.85061,121.132483,199.5,74.1,180.0,0.9,12,3950,-85
46,1779493376,24.842368,121.120081,224.0,74.4,180.0,0.9,12,3950,-85
47,1779493556,24.836057,121.106968,278.9,71.1,180.0,0.9,12,3950,-85
48,1779493736,24.830922,121.092086,180.1,70.1,180.0,0.9,12,3950,-85
49,1779493916,24.823644,121.078521,214.5,69.8,180.0,0.9,12,3950,-85
50,1779494096,24.816331,121.065113,285.4,70.4,180.0,0.9,12,3950,-85
51,1779494276,24.810039,121.049958,50.0,1.1,0.0,1.1,10,3920,-70
52,1779494456,24.809955,121.049908,50.0,1.0,0.0,1.1,10,3920,-70
53,1779494636,24.81003,121.050003,50.0,1.0,0.0,1.1,10,3920,-70
54,1779494816,24.810082,121.049993,50.0,0.7,0.0,1.1,10,3920,-70
55,1779494996,24.809975,121.050073,50.0,0.1,0.0,1.1,10,3920,-70
56,1779495176,24.809951,121.049988,50.0,1.0,0.0,1.1,10,3920,-70
57,1779495356,24.810035,121.04998,50.0,0.1,0.0,1.1,10,3920,-70
58,1779495536,24.810041,121.049977,50.0,0.2,0.0,1.1,10,3920,-70
59,1779495716,24.810633,121.049575,263.4,74.5,180.0,0.9,12,3900,-85
60,1779495896,24.806265,121.046661,209.2,73.4,180.0,0.9,12,3900,-85
61,1779496076,24.803518,121.042991,229.1,61.7,180.0,0.9,12,3900,-85
62,1779496256,24.802247,121.039546,156.1,62.2,180.0,0.9,12,3900,-85
63,1779496436,24.801839,121.038407,299.6,67.4,180.0,0.9,12,3900,-85
64,1779496616,24.79857,121.036671,175.3,72.6,180.0,0.9,12,3900,-85
65,1779496796,24.794432,121.034153,291.8,70.6,180.0,0.9,12,3900,-85
66,1779496976,24.793025,121.031301,231.4,71.2,180.0,0.9,12,3900,-85
67,1779497156,24.791858,121.025295,227.8,67.2,180.0,0.9,12,3900,-85
68,1779497336,24.786277,121.02532,175.5,62.8,180.0,0.9,12,3900,-85
69,1779497516,24.785078,121.021868,235.5,67.4,180.0,0.9,12,3900,-85
70,1779497696,24.782294,121.016615,257.8,73.8,180.0,0.9,12,3900,-85
71,1779497876,24.779871,121.015812,237.8,72.8,180.0,0.9,12,3900,-85
72,1779498056,24.776552,121.012357,291.9,73.0,180.0,0.9,12,3900,-85
73,1779498236,24.774191,121.007047,188.3,62.7,180.0,0.9,12,3900,-85
74,1779498416,24.771495,121.00612,233.5,72.8,180.0,0.9,12,3900,-85
75,1779498596,24.771378,121.004017,172.2,66.9,180.0,0.9,12,3900,-85
76,1779498776,24.766785,120.999664,181.8,66.5,180.0,0.9,12,3900,-85
77,1779498956,24.764157,120.996022,166.4,67.0,180.0,0.9,12,3900,-85
78,1779499136,24.763282,120.993752,253.7,62.4,180.0,0.9,12,3900,-85
79,1779499316,24.761732,120.989162,233.6,74.5,180.0,0.9,12,3900,-85
80,1779499496,24.759603,120.987584,200.7,66.5,180.0,0.9,12,3900,-85
81,1779499676,24.756536,120.986004,171.9,67.9,180.0,0.9,12,3900,-85
82,1779499856,24.751883,120.983005,193.3,73.7,180.0,0.9,12,3900,-85
83,1779500036,24.748724,120.979251,180.2,66.3,180.0,0.9,12,3900,-85
84,1779500216,24.746696,120.977369,207.3,63.5,180.0,0.9,12,3900,-85
85,1779500396,24.745026,120.972486,228.6,68.1,180.0,0.9,12,3900,-85
86,1779500576,24.742004,120.971808,297.6,60.2,180.0,0.9,12,3900,-85
87,1779500756,24.739139,120.967095,258.3,74.1,180.0,0.9,12,3900,-85
88,1779500936,24.737409,120.965644,155.0,62.7,180.0,0.9,12,3900,-85
89,1779501116,24.735084,120.959722,295.1,60.5,180.0,0.9,12,3900,-85
90,1779501296,24.733596,120.957826,163.4,73.8,180.0,0.9,12,3900,-85
91,1779501476,24.730656,120.955389,266.4,73.2,180.0,0.9,12,3900,-85
92,1779501656,24.728843,120.953174,283.7,66.6,180.0,0.9,12,3900,-85
93,1779501836,24.725462,120.947883,171.1,71.8,180.0,0.9,12,3900,-85
94,1779502016,24.721313,120.946222,261.5,74.4,180.0,0.9,12,3900,-85
95,1779502196,24.722216,120.942995,154.4,62.7,180.0,0.9,12,3900,-85
96,1779502376,24.71672,120.942042,199.5,62.9,180.0,0.9,12,3900,-85
97,1779502556,24.713978,120.936406,212.9,71.2,180.0,0.9,12,3900,-85
98,1779502736,24.711993,120.936701,161.9,61.3,180.0,0.9,12,3900,-85
99,1779502916,24.709066,120.9302,299.2,65.1,180.0,0.9,12,3900,-85
100,1779503096,24.70722,120.927381,219.0,72.0,180.0,0.9,12,3900,-85
101,1779503276,24.705143,120.926375,163.8,69.8,180.0,0.9,12,3900,-85
102,1779503456,24.700832,120.9213,213.8,63.6,180.0,0.9,12,3900,-85
103,1779503636,24.698366,120.919872,254.9,66.9,180.0,0.9,12,3900,-85
104,1779503816,24.697334,120.915589,242.1,64.7,180.0,0.9,12,3900,-85
105,1779503996,24.694569,120.914525,257.3,60.2,180.0,0.9,12,3900,-85
106,1779504176,24.692422,120.910083,268.8,70.2,180.0,0.9,12,3900,-85
107,1779504356,24.689725,120.906961,271.7,64.4,180.0,0.9,12,3900,-85
108,1779504536,24.686879,120.906008,206.8,72.1,180.0,0.9,12,3900,-85
109,1779504716,24.6852,120.900368,246.9,67.3,180.0,0.9,12,3900,-85
