id,seq,timestamp,lat,lng,alt,speed_kmh,heading,hdop,satellites,battery_mv,rssi
G0703-FAULT,1,1779542233,25.829051,122.005942,317.4,61.5,220.0,0.9,12,4050,-78
G0703-FAULT,2,1779542293,25.823492,121.997409,173.8,70.5,234.1,0.9,12,4048,-78
G0703-FAULT,3,1779542353,25.81682,121.989558,166.5,68.7,226.7,0.9,12,4047,-78
G0703-FAULT,4,1779542413,25.808944,121.982442,258.6,78.6,219.1,0.9,12,4046,-78
G0703-FAULT,5,1779542473,25.80039,121.97574,202.0,69.7,215.2,0.9,12,4045,-78
G0703-FAULT,6,1779542533,25.792023,121.968923,345.3,51.3,216.3,0.9,12,4044,-78
G0703-FAULT,7,1779542593,25.78459,121.961536,202.4,59.1,221.8,0.9,12,4042,-78
G0703-FAULT,8,1779542653,25.778325,121.953436,183.3,62.5,229.3,0.9,12,4041,-78
G0703-FAULT,9,1779542713,25.77283,121.944865,184.4,52.7,234.6,0.9,12,4040,-78
G0703-FAULT,10,1779542773,25.767278,121.936329,195.4,55.2,234.2,0.9,12,4039,-78
G0703-FAULT,11,1779542833,25.76085,121.928329,214.1,76.6,228.3,0.9,12,4038,-78
G0703-FAULT,12,1779542893,25.753163,121.921097,239.3,67.4,220.3,0.9,12,4036,-78
G0703-FAULT,13,1779542953,25.744476,121.914476,237.8,56.9,214.5,0.9,12,4035,-78
G0703-FAULT,14,1779543013,25.735557,121.907996,301.5,65.1,213.2,0.9,12,4034,-78
G0703-FAULT,15,1779543073,25.727285,121.901121,274.5,57.4,216.8,0.9,12,4033,-78
G0703-FAULT,16,1779543133,25.720198,121.893523,324.5,61.5,224.0,0.9,12,4032,-78
G0703-FAULT,17,1779543193,25.714215,121.885251,199.5,59.1,231.2,0.9,12,4030,-78
G0703-FAULT,18,1779543253,25.708682,121.876703,228.5,59.6,234.3,0.9,12,4029,-78
G0703-FAULT,19,1779543313,25.73416839689373,121.85029679650245,159.0,52.6,231.4,4.8,4,4028,-78
G0703-FAULT,20,1779543373,25.722086563410123,121.84364589214803,153.2,64.1,224.4,4.8,4,4027,-78
G0703-FAULT,21,1779543433,25.687554,121.853828,350.9,53.9,217.5,0.9,12,4026,-78
G0703-FAULT,22,1779543493,25.678827,121.84723,195.0,67.5,214.3,0.9,12,4024,-78
G0703-FAULT,23,1779543553,25.670397,121.840451,264.3,50.4,215.9,0.9,12,4023,-78
G0703-FAULT,24,1779543613,25.663007,121.833037,278.9,74.6,222.1,0.9,12,4022,-78
G0703-FAULT,25,1779543673,25.656881,121.824853,210.5,71.1,230.3,0.9,12,4021,-78
G0703-FAULT,26,1779543733,25.651601,121.816152,299.5,67.3,236.1,0.9,12,4020,-78
G0703-FAULT,27,1779543793,25.646328,121.807447,238.3,63.9,236.1,0.9,12,4018,-78
G0703-FAULT,28,1779543853,25.640233,121.799243,251.0,74.7,230.5,0.9,12,4017,-78
G0703-FAULT,29,1779543913,25.632928,121.791778,126.1,50.5,222.7,0.9,12,4016,-78
G0703-FAULT,30,1779543973,25.624662,121.784899,180.3,57.8,216.9,0.9,12,4015,-78
G0703-FAULT,31,1779544033,25.61619,121.778145,282.1,79.7,215.7,0.9,12,4014,-78
G0703-FAULT,32,1779544093,25.608367,121.770996,237.9,71.1,219.5,0.9,12,4012,-78
G0703-FAULT,33,1779544153,25.602911,121.762486,133.7,48.9,234.6,0.9,12,4011,-78
G0703-FAULT,34,1779544213,25.596515,121.75455,153.2,62.6,228.2,0.9,12,4010,-78
G0703-FAULT,35,1779544273,25.588993,121.747299,269.1,67.1,221.0,0.9,12,4009,-78
G0703-FAULT,36,1779544333,25.580421,121.74069,232.9,48.4,214.8,0.9,12,4008,-78
G0703-FAULT,37,1779544393,25.571447,121.734326,219.6,81.7,212.6,0.9,12,4006,-78
G0703-FAULT,38,1779544453,25.562952,121.727669,328.2,62.9,215.3,0.9,12,4005,-78
G0703-FAULT,39,1779544513,25.555591,121.720321,193.7,56.4,222.0,0.9,12,4004,-78
G0703-FAULT,40,1779544573,25.549443,121.712233,220.6,64.6,229.9,0.9,12,4003,-78
G0703-FAULT,41,1779544633,25.54397,121.703734,216.9,52.2,234.5,0.9,12,4002,-78
G0703-FAULT,42,1779544693,25.538289,121.695362,152.7,71.9,233.1,0.9,12,4000,-78
G0703-FAULT,43,1779544753,25.531636,121.687583,298.0,64.1,226.5,0.9,12,3999,-78
G0703-FAULT,44,1779544813,25.523753,121.680553,299.7,80.4,218.8,0.9,12,3998,-78
G0703-FAULT,45,1779544873,25.515024,121.674039,229.3,61.9,214.0,0.9,12,3997,-78
G0703-FAULT,46,1779544933,25.528012035590443,121.65170794502887,123.6,79.0,213.8,4.8,4,3996,-78
G0703-FAULT,47,1779544993,25.498291,121.660568,140.1,57.2,218.3,0.9,12,3994,-78
G0703-FAULT,48,1779545053,25.491494,121.652876,281.9,60.4,225.6,0.9,12,3993,-78
G0703-FAULT,49,1779545113,25.485626,121.644619,251.5,70.7,231.8,0.9,12,3992,-78
G0703-FAULT,50,1779545173,25.479929,121.636257,302.7,61.4,233.0,0.9,12,3991,-78
G0703-FAULT,51,1779545233,25.473534,121.628321,148.0,57.2,228.2,0.9,12,3990,-78
G0703-FAULT,52,1779545293,25.465911,121.621132,220.9,70.4,220.4,0.9,12,3988,-78
G0703-FAULT,53,1779545353,25.457153,121.614635,300.6,54.0,213.8,0.9,12,3987,-78
G0703-FAULT,54,1779545413,25.447922,121.608426,254.1,63.0,211.3,0.9,12,3986,-78
G0703-FAULT,55,1779545473,25.439115,121.601959,253.7,64.9,213.5,0.9,12,3985,-78
G0703-FAULT,56,1779545533,25.431392,121.594831,339.0,70.7,219.8,0.9,12,3984,-78
G0703-FAULT,57,1779545593,25.424839,121.586991,178.9,59.4,227.2,0.9,12,3982,-78
G0703-FAULT,58,1779545653,25.418929,121.57876,169.3,52.8,231.5,0.9,12,3981,-78
G0703-FAULT,59,1779545713,25.412798,121.570662,138.7,81.9,230.0,0.9,12,3980,-78
G0703-FAULT,60,1779545773,25.40571,121.563148,261.1,70.2,223.8,0.9,12,3979,-78
G0703-FAULT,61,1779545833,25.397438,121.556355,110.5,58.5,216.6,0.9,12,3978,-78
G0703-FAULT,62,1779545893,25.388394,121.550031,203.0,56.1,212.3,0.9,12,3976,-78
G0703-FAULT,63,1779545953,25.379414,121.543669,225.1,79.8,212.6,0.9,12,3975,-78
G0703-FAULT,64,1779546013,25.37132,121.536767,202.4,57.4,217.6,0.9,12,3974,-78
G0703-FAULT,65,1779546073,25.364499,121.52909,305.0,65.9,225.5,0.9,12,3973,-78
G0703-FAULT,66,1779546133,25.358693,121.520795,290.4,56.0,232.2,0.9,12,3972,-78
G0703-FAULT,67,1779546193,25.355772,121.510818,259.4,81.3,252.0,0.9,12,3970,-78
G0703-FAULT,68,1779546253,25.347855,121.503881,177.6,57.8,218.4,0.9,12,3969,-78
G0703-FAULT,69,1779546313,25.338918,121.497565,145.9,67.4,212.6,0.9,12,3968,-78
G0703-FAULT,70,1779546373,25.329715,121.491411,147.4,52.4,211.2,0.9,12,3967,-78
G0703-FAULT,71,1779546433,25.321131,121.48488,270.8,75.5,214.5,0.9,12,3966,-78
G0703-FAULT,72,1779546493,25.313723,121.477633,271.9,73.3,221.5,0.9,12,3964,-78
G0703-FAULT,73,1779546553,25.307436,121.469704,197.5,68.5,228.7,0.9,12,3963,-78
G0703-FAULT,74,1779546613,25.301636,121.461479,212.9,54.0,232.0,0.9,12,3962,-78
G0703-FAULT,75,1779546673,25.295445,121.453492,163.2,62.0,229.4,0.9,12,3961,-78
G0703-FAULT,76,1779546733,25.288208,121.446141,207.5,58.2,222.6,0.9,12,3960,-78
G0703-FAULT,77,1779546793,25.279835,121.439482,142.3,61.5,215.7,0.9,12,3958,-78
G0703-FAULT,78,1779546853,25.270853,121.433192,234.6,49.3,212.3,0.9,12,3957,-78
G0703-FAULT,79,1779546913,25.262133,121.426744,227.9,68.4,213.8,0.9,12,3956,-78
G0703-FAULT,80,1779546973,25.25443,121.419676,274.9,54.9,219.7,0.9,12,3955,-78
G0703-FAULT,81,1779547033,25.247993,121.411839,182.2,71.2,227.8,0.9,12,3954,-78
G0703-FAULT,82,1779547093,25.242429,121.403471,147.3,63.6,233.7,0.9,12,3952,-78
G0703-FAULT,83,1779547153,25.236907,121.395078,126.0,79.6,234.0,0.9,12,3951,-78
G0703-FAULT,84,1779547213,25.230587,121.38717,283.7,52.5,228.5,0.9,12,3950,-78
G0703-FAULT,85,1779547273,25.223057,121.379997,292.9,61.7,220.8,0.9,12,3949,-78
G0703-FAULT,86,1779547333,25.214544,121.373422,255.1,78.6,214.9,0.9,12,3948,-78
G0703-FAULT,87,1779547393,25.205787,121.366995,327.3,77.6,213.6,0.9,12,3946,-78
G0703-FAULT,88,1779547453,25.197646,121.360194,153.4,78.4,217.1,0.9,12,3945,-78
G0703-FAULT,89,1779547513,25.190651,121.352696,163.0,59.7,224.1,0.9,12,3944,-78
G0703-FAULT,90,1779547573,25.184714,121.344556,171.9,62.1,231.1,0.9,12,3943,-78
G0703-FAULT,91,1779547633,25.179177,121.336172,217.7,76.8,233.9,0.9,12,3942,-78
G0703-FAULT,92,1779547693,25.17315,121.328086,195.9,69.7,230.5,0.9,12,3940,-78
G0703-FAULT,93,1779547753,25.160327,121.324401,306.0,60.6,194.6,0.9,12,3939,-78
G0703-FAULT,94,1779547813,25.154282,121.316596,245.3,74.6,229.4,0.9,12,3938,-78
G0703-FAULT,95,1779547873,25.148065,121.308897,147.4,79.8,228.3,0.9,12,3937,-78
G0703-FAULT,96,1779547933,25.140895,121.301777,246.9,74.8,222.0,0.9,12,3936,-78
G0703-FAULT,97,1779547993,25.132491,121.295406,281.7,60.4,214.5,0.9,12,3934,-78
G0703-FAULT,98,1779548053,25.123213,121.289567,258.0,76.7,209.7,0.9,12,3933,-78
G0703-FAULT,99,1779548113,25.113866,121.283769,298.7,60.1,209.3,0.9,12,3932,-78
G0703-FAULT,100,1779548173,25.105278,121.27751,286.4,54.2,213.4,0.9,12,3931,-78
G0703-FAULT,101,1779548233,25.097861,121.27054,323.1,58.2,220.4,0.9,12,3930,-78
G0703-FAULT,102,1779548293,25.091393,121.262993,208.1,57.2,226.6,0.9,12,3928,-78
G0703-FAULT,103,1779548353,25.085133,121.255321,289.4,75.6,228.0,0.9,12,3927,-78
G0703-FAULT,104,1779548413,25.078205,121.248054,236.9,63.3,223.5,0.9,12,3926,-78
G0703-FAULT,105,1779548473,25.070062,121.241525,304.9,56.1,216.0,0.9,12,3925,-78
G0703-FAULT,106,1779548533,25.060767,121.235695,275.7,51.7,209.6,0.9,12,3924,-78
G0703-FAULT,107,1779548593,25.050968,121.230171,163.0,79.6,207.1,0.9,12,3922,-78
G0703-FAULT,108,1779548653,25.04156,121.22441,194.4,52.2,209.0,0.9,12,3921,-78
G0703-FAULT,109,1779548713,25.033222,121.217999,220.0,69.9,214.9,0.9,12,3920,-78
G0703-FAULT,110,1779548773,25.026066,121.210871,117.0,76.5,222.1,0.9,12,3919,-78
G0703-FAULT,111,1779548833,25.019584,121.203333,120.1,55.6,226.5,0.9,12,3918,-78
G0703-FAULT,112,1779548893,25.01292,121.195906,124.7,75.7,225.3,0.9,12,3916,-78
G0703-FAULT,113,1779548953,25.005321,121.189047,154.3,70.9,219.3,0.9,12,3915,-78
G0703-FAULT,114,1779549013,24.996537,121.182906,297.1,58.8,212.4,0.9,12,3914,-78
G0703-FAULT,115,1779549073,24.986956,121.17725,241.5,48.3,208.2,0.9,12,3913,-78
G0703-FAULT,116,1779549133,24.977401,121.171577,287.7,67.4,208.3,0.9,12,3912,-78
G0703-FAULT,117,1779549193,24.974206,121.163221,187.2,42.5,247.1,0.9,12,3910,-78
G0703-FAULT,118,1779549253,24.965634,121.158126,264.1,50.4,208.3,0.9,12,3909,-78
G0703-FAULT,119,1779549313,24.957652,121.152675,134.1,71.0,211.8,0.9,12,3908,-78
G0703-FAULT,120,1779549373,24.950837,121.146515,241.4,64.0,219.3,0.9,12,3907,-78
G0703-FAULT,121,1779549433,24.94516,121.139664,212.4,46.4,227.6,0.9,12,3906,-78
G0703-FAULT,122,1779549493,24.940004,121.132498,146.3,44.6,231.6,0.9,12,3904,-78
G0703-FAULT,123,1779549553,24.934494,121.125546,133.1,56.1,228.8,0.9,12,3903,-78
G0703-FAULT,124,1779549613,24.927955,121.119219,129.8,63.7,221.3,0.9,12,3902,-78
G0703-FAULT,125,1779549673,24.920272,121.113585,280.0,42.5,213.6,0.9,12,3901,-78
G0703-FAULT,126,1779549733,24.91195,121.108339,138.9,68.1,209.8,0.9,12,3900,-78
G0703-FAULT,127,1779549793,24.903854,121.102956,242.9,65.6,211.1,0.9,12,3898,-78
G0703-FAULT,128,1779549853,24.896752,121.096969,272.4,60.1,217.4,0.9,12,3897,-78
G0703-FAULT,129,1779549913,24.890918,121.090215,294.6,50.4,226.4,0.9,12,3896,-78
G0703-FAULT,130,1779549973,24.885981,121.082916,171.2,52.2,233.3,0.9,12,3895,-78
G0703-FAULT,131,1779550033,24.881121,121.07557,137.0,65.2,233.9,0.9,12,3894,-78
G0703-FAULT,132,1779550093,24.875489,121.068693,269.9,49.9,227.9,0.9,12,3892,-78
G0703-FAULT,133,1779550153,24.86865,121.062548,310.9,58.2,219.2,0.9,12,3891,-78
G0703-FAULT,134,1779550213,24.860804,121.057013,180.5,68.3,212.6,0.9,12,3890,-78
G0703-FAULT,135,1779550273,24.852676,121.051649,182.2,45.6,210.9,0.9,12,3889,-78
G0703-FAULT,136,1779550333,24.845132,121.04593,229.9,52.9,214.5,0.9,12,3888,-78
G0703-FAULT,137,1779550393,24.838721,121.039525,161.4,66.9,222.2,0.9,12,3886,-78
G0703-FAULT,138,1779550453,24.833384,121.032469,108.7,64.1,230.2,0.9,12,3885,-78
G0703-FAULT,139,1779550513,24.828479,121.025152,303.5,43.2,233.5,0.9,12,3884,-78
G0703-FAULT,140,1779550573,24.823117,121.018111,268.6,54.7,230.0,0.9,12,3883,-78
G0703-FAULT,141,1779550633,24.81335,121.014064,111.3,60.0,200.6,0.9,12,3882,-78
G0703-FAULT,142,1779550693,24.808339,121.007134,88.6,66.5,231.5,0.9,12,3880,-78
G0703-FAULT,143,1779550753,24.802397,121.000768,168.1,64.0,224.2,0.9,12,3879,-78
G0703-FAULT,144,1779550813,24.795219,120.995152,172.0,71.0,215.4,0.9,12,3878,-78
G0703-FAULT,145,1779550873,24.787137,120.990083,136.4,45.5,209.7,0.9,12,3877,-78
G0703-FAULT,146,1779550933,24.77895,120.985078,168.6,60.2,209.0,0.9,12,3876,-78
G0703-FAULT,147,1779550993,24.771493,120.97963,112.6,66.2,213.6,0.9,12,3874,-78
G0703-FAULT,148,1779551053,24.765201,120.973477,205.4,51.4,221.6,0.9,12,3873,-78
G0703-FAULT,149,1779551113,24.759878,120.966736,242.6,70.8,229.0,0.9,12,3872,-78
G0703-FAULT,150,1779551173,24.754798,120.959849,142.3,65.7,230.9,0.9,12,3871,-78
G0703-FAULT,151,1779551233,24.749083,120.953347,150.4,46.1,225.9,0.9,12,3870,-78
G0703-FAULT,152,1779551293,24.742164,120.947573,156.1,66.2,217.2,0.9,12,3868,-78
G0703-FAULT,153,1779551353,24.734079,120.942505,90.7,48.3,209.7,0.9,12,3867,-78
G0703-FAULT,154,1779551413,24.725459,120.937762,86.3,48.8,206.6,0.9,12,3866,-78
G0703-FAULT,155,1779551473,24.717198,120.932801,192.2,52.2,208.6,0.9,12,3865,-78
G0703-FAULT,156,1779551533,24.70999,120.927202,100.2,57.8,215.2,0.9,12,3864,-78
G0703-FAULT,157,1779551593,24.703975,120.920881,182.4,56.7,223.7,0.9,12,3862,-78
G0703-FAULT,158,1779551653,24.698666,120.914133,151.6,55.1,229.1,0.9,12,3861,-78
G0703-FAULT,159,1779551713,24.693213,120.907472,210.9,57.0,228.0,0.9,12,3860,-78
G0703-FAULT,160,1779551773,24.686849,120.901362,111.3,60.3,221.1,0.9,12,3859,-78
G0703-FAULT,161,1779551833,24.6853,120.9023,28,0.0,151.2,0.8,13,3820,-68
